R01-1|A fitted line stores its learned slope separately from its offset.|coef_, intercept_ and scalar conversion.|Read the single distance coefficient and intercept from the supplied fitted model.|The named values distinguish change per distance unit from the predicted value at zero distance.
R01-2|The intercept cancels when comparing two predictions on the same line.|The fitted slope and multiplication.|Multiply the distance change by the fitted distance coefficient.|A five-unit change scales the slope by five; adding the intercept again would confuse a difference with a level.
R01-3|A percentile unit is not a gram of an ingredient.|Feature units, association and causal interpretation.|Define a full unit on the stored scale, then qualify what the fitted association represents.|@answer
R02-1|One measure reports error in outcome units; the other compares squared error with a reference.|root_mean_squared_error and r2_score.|Apply both metrics to the same aligned outcomes and predictions, then store each named result.|Using identical rows makes the two summaries complementary descriptions of the same prediction evidence.
R02-2|R² compares with a particular constant predictor, not with every possible relationship.|Evaluation-mean squared error and negative R².|Ask what happens when the model’s squared error exceeds that reference.|@answer
R02-3|The mean used in the R² definition need not equal a deployable dummy model’s training mean.|Series.mean on the two target populations.|Calculate each mean from its own labelled population and report both.|Separating these values prevents confusing the evaluation-mean mathematical reference with a training-fitted reference estimator.
R03-1|A residual keeps the direction of the prediction error.|LinearRegression, actual-minus-predicted subtraction and scatter.|Fit the training line, compute held-away residuals and plot them against x with a zero reference.|Signed errors reveal systematic curvature that an aggregate RMSE hides; these supplied diagnostic rows are exploratory evidence, not a final untouched-test claim.
R03-2|A repeated residual shape suggests structure the current line misses.|Residual patterns and training-only candidate selection.|Connect the shape to a possible representation change, then identify where it must be validated.|@answer
R03-3|Countries differ in more than the single plotted predictor.|Observational association, confounding and extrapolation.|Separate a predictive comparison from an intervention claim and state the range limitation.|@answer
R04-1|Coefficient labels must follow the order used when fitting the supplied two-feature model.|model.coef_ and pd.Series with an index.|Pair the fitted coefficients with distance and weight in training-column order.|Named coefficients preserve which conditional association each learned value describes.
R04-2|Holding distance fixed isolates the fitted contribution of the weight difference.|Two-row dataframe, predict and np.diff.|Construct the matched pair, predict in row order and subtract the first prediction from the second.|The comparison changes only weight, so the fitted difference has a clear conditional interpretation.
R04-3|A multiple-regression coefficient describes a comparison conditional on the other included columns.|Conditional association and feature units.|Name the outcome, the changed predictor and the predictor held fixed.|@answer
R05-1|The omitted indicator establishes the category against which the encoded coefficient is compared.|named_transformers_, categories_ and drop_idx_.|Reach the fitted service encoder and use its dropped-position metadata to identify the reference.|Reading fitted metadata avoids assuming an alphabetical reference or guessing from input order.
R05-2|Prepared features can outnumber and reorder the original columns.|get_feature_names_out and the final estimator’s coef_.|Retrieve names from the fitted preparation and align them with the fitted model’s coefficient array.|The labelled Series links each coefficient to the actual transformed representation used by the estimator.
R05-3|The encoded comparison still holds included chemistry predictors fixed.|Reference categories and conditional comparisons.|Describe the type contrast in the model’s feature context and qualify causal interpretation.|@answer
R06-1|Nearly duplicate predictors can share the same predictive contribution in unstable proportions.|Seeded noise, dataframe construction and LinearRegression.coef_.|Create the near-copy column, fit both columns together and label the resulting coefficients.|The tiny perturbation preserves strong correlation; inspecting both coefficients exposes instability that prediction quality alone can conceal.
R06-2|Large opposing terms can leave their sum nearly unchanged.|Correlated predictors and the linear weighted sum.|Explain how one coefficient’s change can be offset by another.|@answer
R07-1|A curved representation can be built before fitting a linear estimator.|PolynomialFeatures, degree and include_bias.|Fit the degree-two expansion to the single x column and inspect its transformed columns.|Excluding the bias avoids a duplicate constant term; the two output columns carry the original input and its square.
R07-2|Increasing degree adds a feature rather than directly selecting a better model.|PolynomialFeatures with a changed degree.|Transform the same x table with degree three and inspect the added column.|Holding the population fixed isolates the extra cubic feature; validation would still be needed to justify its use.
R07-3|With two inputs, degree two includes interactions as well as individual powers.|PolynomialFeatures.fit and get_feature_names_out.|Fit the expansion on the declared two-column schema and return its learned output names.|Names reveal both squared terms and the cross-product, making the expanded representation inspectable.
R08-1|Expansion belongs before scaling and the regularised estimator.|Pipeline, PolynomialFeatures, StandardScaler and Ridge.|Build the three named steps, then inspect the polynomial step’s training output.|The dimensions expose the representation entering later preparation; they do not by themselves establish predictive quality.
R08-2|Prediction must repeat the same fitted expansion and scaling used in training.|Pipeline.fit and Pipeline.predict.|Fit the complete recipe on training rows and predict the supplied evaluation rows through it.|Keeping all steps together prevents the evaluation data from learning its own scale or feature recipe.
R08-3|The degree is a selection choice that should be compared inside training folds.|GridSearchCV, KFold and polynomial__degree.|Search the declared degrees on the full pipeline with matching seeded folds and retain the mean scores.|Every fold refits expansion, scaling and Ridge on its fitting subset; the reserved rows do not choose the degree.
R08-4|Lower training error rewards flexibility even when it fails to transfer.|CV RMSE and the declared nomination goal.|Compare held-out training errors before deciding which candidate reaches final evaluation.|@answer
R09-1|Each leaf predicts a quantity learned from the training outcomes reaching it.|DecisionTreeRegressor, max_depth and plot_tree.|Fit the declared tree, render its labelled splits and predict the held-away rows.|The diagram connects threshold decisions to leaf values; the depth cap limits how finely the training population is partitioned.
R09-2|A leaf identifier and its predicted value describe different aspects of the same traversal.|apply and predict.|Create the requested one-row feature table and obtain both outputs from the fitted tree.|apply identifies the terminal node while predict returns that leaf’s learned outcome value.
R09-3|Threshold-based splits can operate directly on these original numeric units.|DecisionTreeRegressor.fit and predict with an explicit feature list.|Fit the declared tree on Candy training measurements and predict matching test columns.|Keeping the feature schema fixed transfers the tree workflow without introducing unnecessary distance scaling.
R10-1|Depth should be chosen from held-out training evidence rather than test error.|GridSearchCV, max_depth and negative-RMSE scoring.|Compare the stated depth grid with the supplied folds, then convert mean scores to positive errors.|Matching folds makes complexity comparisons fair; sign conversion reports error in the familiar smaller-is-better direction.
R10-2|A leaf-size constraint changes the smallest training group a tree may create.|min_samples_leaf in GridSearchCV.|Search the three declared minimum sizes on the same training-fold design and report positive RMSE.|The comparison tests whether larger leaves reduce harmful fine-grained fitting without consulting final rows.
R10-3|Split importance and residual patterns answer different questions.|Impurity importance, diagnostic errors and causality limits.|Explain the fitted importance, then state what remaining residual structure motivates.|@answer
R11-1|Prediction evidence alone does not identify what an intervention would change.|Association versus causal identification.|Identify the claim that needs assumptions or a study design beyond the fitted observational model.|@answer
R11-2|Failure of one evaluated recipe is not a test of every possible relationship.|Model scope, sample support and alternative specifications.|Rewrite the conclusion around the actual model, inputs and evaluation population.|@answer
C01-1|Matrix rows and columns have different meanings and need an explicit class order.|confusion_matrix with labels.|Pass actual labels first, predictions second and supply the requested A/B order.|An explicit order keeps true-class and predicted-class counts interpretable even when frequencies differ.
C01-2|Change the prediction, not the true label, for the specified observation.|Series.copy, iloc and confusion_matrix.|Copy predictions, update the requested position and rebuild the matrix against unchanged actual labels.|The copy isolates one prediction correction and shows how it moves a count between cells.
C01-3|A missing predicted class should not silently remove a matrix column.|The labels argument of confusion_matrix.|Supply all three class names in the declared order when constructing the matrix.|The fixed schema preserves a zero-prediction class and makes matrices comparable across runs.
C02-1|Precision starts from predicted positives; recall starts from actual positives.|precision_score, recall_score and pos_label.|Calculate both measures for the named positive class using the same aligned labels.|Explicitly naming B avoids relying on numeric-label defaults and preserves the intended error interpretation.
C02-2|Expanding positive predictions changes both the number caught and the number falsely flagged.|False positives, true positives, precision and recall.|Track the two denominators as more observations are labelled positive.|@answer
C02-3|Each class can be treated as positive in turn.|average=None, labels and a labelled dataframe.|Request per-class precision and recall in the same A/B order and align both arrays in a table.|The table exposes class-specific performance that one averaged score can hide.
C03-1|Macro averaging gives each class equal weight after its F1 is calculated.|f1_score with average='macro'.|Score the supplied actual and predicted labels with the requested averaging rule.|The macro summary balances class contributions rather than weighting them by how many rows they contain.
C03-2|Accuracy and macro F1 weight the evidence differently.|accuracy_score and f1_score.|Calculate both summaries from exactly the same predictions and label the results.|A common prediction set makes their difference reflect the metrics’ priorities rather than different models or rows.
C03-3|A majority reference learns its class from training labels, then faces the held-away class mix.|DummyClassifier, macro F1 and accuracy.|Fit the declared constant-label reference on training rows, predict test rows and calculate both metrics.|This establishes an honest simple reference and exposes how majority prediction can look different under accuracy and macro F1.
C04-1|Probability columns follow the estimator’s fitted class order.|predict_proba, classes_ and dataframe index.|Build the probability table with test-row indices and fitted class names.|Explicit row and class labels prevent a probability column from being attributed to the wrong observation or class.
C04-2|A threshold turns a class score into a decision under a stated rule.|Vector comparison and np.where.|Compare each B probability with the declared threshold and map the two outcomes to class labels.|The threshold changes the decision rule while leaving the supplied probabilities unchanged.
C04-3|The largest probability gives a column position, not necessarily the class name.|np.argmax along rows and model.classes_.|Find each row’s maximum-probability column and map those positions through the fitted class array.|Class-aligned indexing correctly recovers labels even when class names are strings or their order differs from expectations.
C05-1|The classifier’s optimisation uses the prepared feature scale learned from training rows.|Pipeline, StandardScaler and LogisticRegression.|Build the named scaling/classification steps, fit the training pair and predict through the complete pipeline.|The pipeline reuses training statistics for test rows while the iteration budget supports convergence.
C05-2|A logistic coefficient changes log-odds, not probability by a fixed amount.|Scaled features, positive class and conditional log-odds.|Describe the direction for the fitted positive class while holding other inputs fixed.|@answer
C05-3|Multiclass coefficients require both a class axis and a feature axis.|named_steps, coef_, classes_ and dataframe labels.|Read coefficients from the fitted final step and attach fitted classes and training-column names.|The labelled dimensions expose which class and feature each coefficient belongs to.
C06-1|Regularisation strength is chosen using training-only class-balanced evidence.|GridSearchCV, model__C and f1_macro.|Search the declared C values with the supplied mixed pipeline and fixed folds.|Preparation is refitted within each fold, so the comparison evaluates the complete candidate recipe without test leakage.
C06-2|A reference is comparable only when its folds and scoring rule match the candidate.|DummyClassifier and cross_validate.|Evaluate the most-frequent reference on the same training rows, folds and macro-F1 scorer.|Holding the evaluation design fixed isolates the predictive contribution beyond majority-class guessing.
C06-3|Removing context asks how much the measurements alone support prediction.|Column selection, scaled logistic Pipeline and cross_validate.|Use only numeric measurements in a fresh pipeline and score it on the same folds.|The matched-fold ablation tests the role of context while preserving the validation boundary.
C07-1|Threshold development needs probabilities for rows not used in their own fit.|cross_val_predict, StratifiedKFold and method='predict_proba'.|Generate class-probability vectors for every training row using the specified stratified folds.|OOF probabilities permit training-only threshold analysis without opening the reserved final population.
C07-2|More scores exceed a lower cutoff.|Positive prediction sets and threshold comparisons.|Track how the predicted-positive set changes before describing possible error trade-offs.|@answer
C07-3|A stated constraint should be checked before optimising another preference.|Recall minimum and the supplied precision/recall pairs.|Compare each candidate’s recall with the minimum, then acknowledge the precision consequence.|@answer
C07-4|The same probability can lead to different actions under different costs.|Decision thresholds, prevalence and error costs.|State the decision objective and the evidence used to justify the chosen operating point.|@answer
C08-1|Neighbour indices refer to the fitted training representation.|StandardScaler, KNeighborsClassifier and kneighbors.|Learn the scale on training rows, fit three-neighbour KNN and query the transformed first test row.|Using the same coordinate system makes the returned neighbour positions meaningful for the fitted training table.
C08-2|Change the voting neighbourhood while preserving the preparation boundary.|A scaling/KNN Pipeline with n_neighbors.|Fit the five-neighbour recipe on training data and predict the first held-away row.|The pipeline preserves the learned distance scale while the changed k alters the voting neighbourhood.
C08-3|Disagreement nearby describes local ambiguity even when a single label must be returned.|Neighbour voting and class composition.|Explain how the configured vote produces a label and what mixed neighbours limit.|@answer
C09-1|Scaling must be learned separately inside each validation fit.|Pipeline, GridSearchCV and model__n_neighbors.|Compare the declared k values in a scaling/KNN pipeline using seeded stratified macro-F1 folds.|Fold-local scaling keeps validation observations from changing distances used to fit their own predictor.
C09-2|A row can have zero distance from itself.|KNN neighbour lookup and held-out evaluation.|Consider which observation would be an especially close neighbour if validation rows remained in training.|@answer
C09-3|Distance combines every included dimension, including irrelevant variation.|Feature representation and the curse of dimensionality.|Explain how weak dimensions can obscure useful local similarity and where feature choices should be validated.|@answer
C10-1|The supplied fitted pipeline already contains the scale and margin model.|Pipeline.predict.|Pass the held-away features through the existing fitted pipeline.|Prediction applies the learned preparation and SVM decision rule without refitting on evaluation rows.
C10-2|Only some training observations support the fitted margin.|named_steps and n_support_.|Read the fitted SVC support counts in its class order.|These counts describe support vectors per class, not probabilities or the number of correct predictions.
C10-3|A decision score’s range and meaning differ from a probability.|decision_function and SVC probability configuration.|Check which API produced the values before deciding how they may be labelled.|@answer
C11-1|C changes the margin/error trade-off and must be chosen before final testing.|GridSearchCV, StratifiedKFold and model__C.|Evaluate the three declared C values with training-only macro-F1 folds.|The shared folds compare regularisation choices while the pipeline keeps scaling within each fit.
C11-2|More local influence can follow small details in the training sample.|RBF gamma, flexibility and validation.|Connect locality to a potential training/validation gap rather than assuming improvement.|@answer
C11-3|A useful model choice includes the representation and the resources needed to fit it.|Distance-based kernels, scaling and runtime.|Explain why units affect the kernel and how computational cost qualifies a small score gain.|@answer
C12-1|One-R retains a single selected feature’s mapping rather than combining all inputs.|The fitted One-R step and rules_.|Access the classifier inside the pipeline and inspect its learned rules.|The rule mapping makes the simple classifier inspectable and keeps its limited expressiveness visible.
C12-2|An unseen category must pass through the already fitted representation.|Pipeline.predict and a schema-matched dataframe.|Construct the requested service/fragile row and predict through the existing pipeline.|Reusing fitted preprocessing exercises the declared unknown-category behaviour without inventing a new encoding at prediction time.
C12-3|Interpretability does not guarantee improvement over a constant reference.|One-feature rules and matched reference scores.|Compare predictive gain, describe the selected rule and identify interactions it cannot express.|@answer
C13-1|Numeric One-R learns intervals before it can map new values to labels.|Pipeline.fit and predict with numeric-rule preparation.|Fit the supplied recipe on the aligned features and labels, then inspect predictions.|The fit learns the interval/rule structure; these in-sample outputs illustrate behaviour rather than held-away performance.
C13-2|The number of numeric bins is a training-only selection choice.|GridSearchCV, model__bins and StratifiedKFold.|Compare the three bin settings with the declared three-fold macro-F1 design.|Each candidate learns its own intervals within each fit, avoiding a globally learned bin boundary for validation rows.
C13-3|The classifier needs to know which prepared columns are categories and which remain numeric.|named_steps and categorical_mask_.|Fit the recipe, then inspect the final step’s feature-type mask.|The mask verifies the intended mixed representation instead of inferring feature meaning from numeric storage alone.
C14-1|Purity measures how mixed the child labels remain after a split.|Class counts and impurity reduction.|Compare each candidate’s child compositions with the mixed parent.|@answer
C14-2|A tree follows feature thresholds to a leaf with a learned class prediction.|DecisionTreeClassifier, apply and predict.|Fit the declared depth-limited tree, then obtain the first test row’s leaf and label.|The two outputs connect tree traversal with classification without requiring any regression-tree prerequisite.
C14-3|Depth and minimum leaf size constrain different aspects of tree complexity.|GridSearchCV with a two-parameter grid and stratified folds.|Compare the declared combinations using training-only macro F1 and retain the candidate scores.|The grid evaluates both constraints on matching folds before any final-test choice.
C14-4|Training fit, validation performance and feature importance are different evidence types.|Overfitting gaps and impurity-based importance.|Interpret each item separately, then qualify the importance claim and identify the proper selection boundary.|@answer
C15-1|Posterior columns and prior entries both follow fitted class order.|predict_proba, classes_ and class_prior_.|Label posterior probabilities by test row and class, then inspect the fitted priors.|The labelled table distinguishes row-specific posterior evidence from the model’s overall class-prior frequencies.
C15-2|Density is a height; probability integrates over a range.|Density units and area under a distribution.|Distinguish a value at one point from an area before checking the probability bound.|@answer
C15-3|Correlated measurements can provide overlapping evidence.|Conditional independence and probability calibration.|Explain what the model assumes and how repeated information can affect confidence.|@answer
C16-1|Presence and absence are two outcomes of a binary measurement.|Bernoulli versus Gaussian likelihoods.|Match the meaning of the input values to the distribution the model represents.|@answer
C16-2|The declared target must stay separate from the presence/absence indicators.|BernoulliNB and an explicit flags list.|Fit only the nine permitted flags to the training popular labels and predict the same test schema.|The binary likelihood matches the feature meanings and excludes the target-derived winpercent source.
C16-3|Named categories need a fitted indicator representation before this Bernoulli path.|OneHotEncoder, Pipeline and BernoulliNB.|Encode the six declared Car attributes inside a pipeline, then fit and predict through it.|Fold-compatible preparation preserves category membership without treating arbitrary category codes as continuous measurements.
C16-4|Different feature meanings do not automatically share one valid likelihood.|Continuous, binary and categorical likelihood assumptions.|Check whether the proposed recipe supplies separate handling for each type.|@answer
C17-1|Class means need the same feature names and class order used by the fitted model.|means_, classes_ and a labelled dataframe.|Read the fitted means and attach class rows plus training-feature columns.|The table exposes each class centre while leaving the shared covariance assumption conceptually separate.
C17-2|Shrinkage modifies covariance estimation rather than the target labels.|LinearDiscriminantAnalysis with solver='lsqr' and GridSearchCV.|Compare the two declared shrinkage settings using matching stratified macro-F1 folds.|The solver supports shrinkage, and training-only validation tests whether the covariance stabilisation helps this population.
C17-3|Posterior probabilities must remain aligned to both rows and classes.|predict_proba, classes_ and test indices.|Construct the probability table directly from the fitted LDA outputs with explicit labels.|Alignment keeps probability interpretation correct without assuming the class order from the original data.
C18-1|The distinction concerns whether each class may have its own covariance.|Shared versus class-specific covariance.|Compare the allowed covariance structures and their resulting boundary shapes.|@answer
C18-2|Regularisation stabilises the class-specific covariance estimates.|QuadraticDiscriminantAnalysis with reg_param, fit and predict.|Fit the declared regularised recipe on training rows and predict held-away labels.|The regularisation choice is explicit and the evaluation rows do not estimate class shapes.
C18-3|Numerical warnings are evidence about a fit, even when a score is returned.|GridSearchCV, reg_param and captured warnings.|Compare the declared regularisation grid on stratified folds, inspect scores and read emitted warnings.|Validation measures predictive behaviour while warnings help qualify whether covariance estimates are adequately supported.
C18-4|Estimating a separate shape per class becomes harder as dimension grows.|Production feature limits and per-class sample support.|Check the scenario’s feature count against the supported path before interpreting its flexibility.|@answer
C19-1|Pairwise relationships multiply as features are added.|Covariance matrices and dimensionality.|Compare the number of quantities needed for a mean vector with those needed for a covariance structure.|@answer
C19-2|Regularisation pulls toward a target expressed in a coordinate system.|Identity shrinkage and feature units.|Explain how changing units can change the meaning of the regularisation target.|@answer
